fold,station_name,rows,mae,rmse,mse,r2,mean_residual,median_abs_error,p90_abs_error,max_abs_error
1,RHEINE UNTERSCHLEUSE,14,16.76627858354706,17.911516496092585,320.8224231897968,-1.2134251450315108,-14.699348852109145,15.777790949059067,24.430611962043194,26.531491879934606
1,IFFEZHEIM,14,9.714975093965405,10.10878072981599,102.18744784349909,-15.191382196706403,-9.714975093965405,9.668541952530234,12.888009458756658,14.391832981935494
1,Basel-Rheinhalle,43,6.7623444874748655,7.880145721885354,62.09669659814805,-3.4661892021929255,-3.180504577954366,6.186325350521656,12.500018257488275,15.63313376624808
1,BREISACH,14,5.897621009391735,6.392509059383759,40.86417207430343,-27.6049204520124,-5.897621009391735,6.5680988536562666,8.351283024227934,9.374069770354112
1,SANKT GOAR,14,4.725677849555699,5.042145039000966,25.42322659432205,-11.711613297161025,4.725677849555699,4.9341047740842185,6.850297020130341,7.037387125924937
1,KAUB,14,3.7596572701139053,4.191002110304216,17.564498688574385,-9.59274382449409,3.7166207530427084,3.853747829602092,5.754353594721546,6.745793780229462
1,Koblenz OP,14,3.3819867846246985,3.976420593430959,15.81192073586182,-23.793091713831338,-3.3819867846246985,3.797416558592616,5.412602386065021,7.940116415646628
1,KOBLENZ,14,3.3774945612767047,3.749299511116131,14.057246824055659,-10.62540243677177,3.2468777030873306,3.323836396686417,5.41341478609915,5.965859257132863
1,MANNHEIM,14,3.279770827308685,3.669527300767396,13.46543061107725,-16.24983267824275,3.279770827308685,3.6732206055961,5.181236100343151,5.7892557336022605
1,MAINZ,14,2.9852743682507685,3.2119744205206224,10.316779678078788,-19.846276462922088,-2.9852743682507685,2.4916038362227937,4.480665203874992,5.454591982038636
1,BONN,14,2.859943676737115,3.111885053785133,9.6838285879713,-6.7470628703770394,-2.859943676737115,2.642413997974586,4.434256164032905,4.888034098962294
1,DÜSSELDORF,14,2.260615784597294,2.6491500333327385,7.01799589910685,-6.3166340224731,2.040990975927063,2.368935196168998,4.115338298966187,4.565546612038531
1,Koblenz UP,14,1.9858809410216065,2.513321289102566,6.316783902256183,-1.1457359529327755,-1.66480261729773,1.234842600160846,4.332594560561144,5.05504653272304
1,KÖLN,14,2.0171257320154132,2.094310792110605,4.386137693950949,-65.12946061649124,2.0171257320154132,2.2054408452856364,2.6326487303741177,2.8996973865452276
1,LOBITH,22,1.373150353290834,2.055976748665053,4.227040391051322,-27.415104850956098,-1.3328968130433778,1.0283948050180243,4.711464748239731,5.094990327881874
1,SPEYER,14,1.7889678950980965,2.038213591600021,4.154314644983056,-4.057426524327198,1.7754788484580704,1.7735024469744332,3.1784690045869386,3.489570502815724
1,BINGEN,14,1.394844867395196,1.5659591926550847,2.452228193060965,-3.5774926270471346,1.296102070198049,1.3414383225584672,1.9940016195483568,2.976757660966939
1,DUISBURG-RUHRORT,14,1.1812981286742854,1.458951686450522,2.1285400233968224,-1.3177435810320954,0.8663081239729625,1.2293931372733908,1.673174646794854,3.69118816414624
1,REES,14,1.222915774240837,1.4403103119849827,2.074493794810278,-8.917092287385719,-1.1891267704800959,1.3937629122098656,2.1522061512178285,2.583375537039501
1,EMMERICH,14,1.0106880843888493,1.4220168507273547,2.022131923752544,-8.908446426387467,-0.08173097234330738,0.666899960470591,2.695858858479692,3.213688303180163
1,WESEL,14,1.0474913439739797,1.2886669076184578,1.660662398790919,-3.2827609231976336,0.6877997216077928,0.7611896071574051,1.9476867784652654,2.6215546598588446
1,MAXAU,14,1.0628253579951215,1.1807634211218667,1.3942022566594148,-1.0092914875385688,0.18586720615541757,1.2243005711800095,1.5612419191276161,1.9892194512647166
1,RHEINWEILER,14,0.8725026290699459,1.0416062663872456,1.0849436141771778,-0.7011915870298138,-0.14258049991562416,0.6692420894314495,1.4569889196802137,2.2284835247928356
1,KONSTANZ-RHEIN,14,0.8333764876444028,0.9360457131581416,0.8761815771217337,-6.1554828798274945,-0.7296075714989618,0.7118403219172649,1.3380536835048475,1.5586195553482298
1,WORMS,14,0.6938997100410528,0.7624780274896764,0.5813727424045477,-1.3739386981519033,0.5629418044957616,0.7363810828547201,1.0373449456040902,1.1321417293715115
1,DUISBURG-MEIDERICH SCHLEUSE OW,215,0.3377466836933993,0.4076846126419526,0.16620674338501892,-513.3334078414525,-0.06336378827460207,0.2866236529298156,0.8872098236592834,0.9294402047393788
1,DUISBURG-MEIDERICH SCHLEUSE UW,214,0.06519616233742631,0.10508448647133141,0.011042749296943434,-100.16500566181382,0.06215531164326863,0.06094868196454328,0.08441131368087085,0.7331752092635568
2,RHEINE UNTERSCHLEUSE,14,20.93234411542568,27.72665332741909,768.7673047388802,-235.5437860735016,-20.925339008900703,16.75938926161247,46.20700171960434,47.25525164198018
2,Koblenz UP,14,10.496863661677944,12.566449741130508,157.915659096359,0.06828810406723751,-1.8211900419499116,8.432896971836364,18.153997742145815,24.922681293975565
2,Koblenz OP,14,4.181834710510734,4.8529683592294655,23.551301895682332,-4.712939568754627,3.760382018627301,4.341154011161649,7.588820737346713,8.049205825541293
2,BREISACH,15,2.9843449158025614,4.108386215509086,16.87883729578507,-1.813139549297511,2.9843449158025614,1.63810729814017,7.307948930123654,9.29494029731407
2,KAUB,14,3.8194021329276304,4.094484242904558,16.76480121539371,-25.49920192110619,3.8194021329276304,4.080240990847301,5.7894059603921715,6.286499835007248
2,MAXAU,14,2.715546710461041,3.1718131687149373,10.060398777233493,-3.5538987536668927,-2.715546710461041,1.819845497315896,5.087682941501475,5.43037468521112
2,IFFEZHEIM,14,2.4050245647204247,2.9820513490963125,8.892630248647137,-2.9522801105098386,-2.1453226977618374,2.1000040921431378,4.734261227115199,5.9912747935794926
2,MAINZ,14,2.5253461578395826,2.800445454997997,7.8424947464189385,-5.513258348720812,-2.5253461578395826,2.851503224629056,3.57747384241963,4.4393293380200305
2,MANNHEIM,14,2.430024767025876,2.773032574586577,7.68970965971826,-4.687483370961428,2.3820562835340007,2.8439946434968277,4.132172583692173,4.216861869689097
2,SPEYER,14,2.209880736316541,2.734622178879569,7.4781584612200405,-3.682808493287948,2.209880736316541,1.6699377275859604,4.049816851719505,6.102320857160464
2,SANKT GOAR,14,2.471617068618071,2.727975435424726,7.4418499762807215,-5.154441330595025,2.471617068618071,2.5467844811901443,3.7337005492048863,3.850476407712108
2,BONN,15,2.1821579155654587,2.5239446240727736,6.370296465385854,-20.71691976836086,-2.1821579155654587,2.6334979538055165,3.2524534467494846,4.438038177576971
2,DÜSSELDORF,14,2.3398828059202117,2.4908001773739765,6.204085523606233,-10.692315025257901,2.3398828059202117,2.5912125398382386,3.2398174496833367,3.9984949796736515
2,KOBLENZ,14,1.7572014120225288,2.3020305360108795,5.2993445887265365,-1.094095845545164,1.2667934106049938,1.4643350894662746,4.416910771162139,4.722993976924343
2,DUISBURG-RUHRORT,14,2.2172939570411137,2.2976611580982373,5.279246797433333,-24.237374934071536,2.2172939570411137,2.3746898096947717,2.8215499427552233,2.983862497060983
2,Basel-Rheinhalle,43,1.7659581444695425,2.0695237617304256,4.282928600366852,0.6271242592485964,-1.5411961568663126,1.7297798317985098,2.843722736919086,5.615734257230542
2,DUISBURG-MEIDERICH SCHLEUSE UW,214,0.8694064340611942,1.8055177543605738,3.2598943613112494,-24879.028359877528,-0.7715531671578092,0.05324464696774989,3.9867618323832446,4.01594415151445
2,KÖLN,14,1.2881386466575842,1.5086818814404257,2.276121019386623,-10.152992994994454,-1.2634712694346177,1.204994659840267,2.1693098112024103,2.197189807187641
2,DUISBURG-MEIDERICH SCHLEUSE OW,213,0.7091761405076912,1.481715522636428,2.1954808900217433,-1550.734560814167,-0.6814285972707865,0.03148986289670219,3.2618633340728245,3.3141411765715567
2,LOBITH,21,1.202996695866253,1.4618690070779985,2.137060993855213,-1.9451371821567154,0.9404035837166453,1.2429054534459283,2.2429054534459283,3.216176274385248
2,WESEL,14,1.1543802425838956,1.304141093077211,1.7007839906526228,-2.7455467659316177,1.0992546559396743,1.3531755097378806,1.8159161686017342,2.1834815344745664
2,EMMERICH,14,0.967349548306026,1.2148484358553577,1.4758567221002095,-0.6720688874661336,0.3118274061728152,0.7637070122945211,2.071349019530284,2.561229049126595
2,REES,14,0.7050280027173252,1.0396733321017222,1.080920637483498,-0.5929356762914708,0.5436204391254661,0.2987926533794578,1.5283507786668253,2.602181732160844
2,BINGEN,15,0.6210251652011862,0.7629965313853273,0.5821637069060408,-0.770092352079178,-0.6128936988282069,0.5642478419874095,1.0351691530555513,1.5952871752172655
2,KONSTANZ-RHEIN,14,0.55710431147088,0.6171713698481408,0.38090049976023066,-0.5553437073542757,0.2446394842760924,0.6103768246928212,0.7977467674909974,0.975470795625597
2,WORMS,14,0.5241795360535286,0.5422261511487708,0.2940091989896097,-1.401075125081813,-0.42285259997331387,0.5220270708986732,0.7054521129779786,0.7882049539319809
2,RHEINWEILER,14,0.5182754390512636,0.5363033144832999,0.2876212451257733,0.0,-0.5182754390512636,0.5554690349792963,0.6507810665800207,0.7309495609279679
3,Koblenz UP,15,20.129312278470387,20.808790986227397,433.0057823084986,-81.84549406412602,20.129312278470387,22.76367394688649,26.012773848421315,27.355808972179858
3,KOBLENZ,15,8.175926913798401,8.799106676850984,77.42427831060358,-18.356069577650896,8.175926913798401,9.529990985438019,11.59749324132352,13.449292893881506
3,DUISBURG-MEIDERICH SCHLEUSE UW,211,6.159153962823174,6.410038552693618,41.08859424701849,-214736.44007038028,-6.155985831448177,6.497334425665027,7.094672226677524,7.832015000989671
3,SANKT GOAR,14,4.850089207006609,6.185103382672841,38.25550385435101,-101.71340760894243,-4.407691623180099,4.979833732797815,9.122096621872965,9.403353143258585
3,MAINZ,14,5.143604189443595,5.778049376822926,33.3858546010038,-8.12639818939574,-5.105855571826892,5.194125363810613,8.346348416624616,8.374109840531048
3,RHEINE UNTERSCHLEUSE,14,4.390430906284272,5.519668232683921,30.466737398900044,-85.5431960896291,-0.7388598647677368,4.400453148332559,8.424047917381852,11.837982277576458
3,DUISBURG-MEIDERICH SCHLEUSE OW,211,5.274511625175762,5.445902473122633,29.657853746763212,-61324.975191800106,-5.274511625175762,5.447647513642014,6.0806446575698345,6.925378802764445
3,IFFEZHEIM,15,3.792708300278368,4.617607953580841,21.322303212973047,-2.388077841044447,-3.792708300278368,3.247783827701369,7.010451018450669,10.388820522216292
3,BONN,14,4.313521892805986,4.3652765307752635,19.055639190137317,-112.17894791717927,-4.313521892805986,4.446655173650484,5.070509932309292,5.2824148391419214
3,KÖLN,14,3.254378660862971,3.5223003994123516,12.406600103700411,-14.997984344245262,-3.254378660862971,3.4700547248859124,4.72301775346813,5.130308203468417
3,Basel-Rheinhalle,42,2.861711603377078,3.349825947848303,11.221333880877783,0.13519887431218447,1.0664510540852943,2.5161523800049395,5.0857061258740375,7.536744328408531
3,BREISACH,14,2.9201717814407124,3.23306692212002,10.452721722906618,-1.2563143807155255,1.7354441230885373,2.872077792051172,4.622610938453761,5.309736985295785
3,DÜSSELDORF,15,2.7796512063602545,3.1490016600072126,9.916211454728181,-2.984192102346145,2.388149293137701,2.8195447528618303,4.7054234073399215,5.4655995279245815
3,EMMERICH,15,2.330190796171876,2.9564402435431356,8.740538913641396,-20.851347284103493,-0.7852132974750352,2.0094351633395178,4.6385840471944535,6.85124175714558
3,MAXAU,14,2.2634215766902464,2.4983017469813955,6.241511618970294,-4.0760841382496995,-2.2634215766902464,2.3293834665621205,3.5885810570137098,4.589138680113649
3,SPEYER,14,1.742627800143428,2.1835548877420288,4.767911947782104,-5.107913344871192,1.5867505350597315,1.4324870898285553,3.438965782281224,4.098313124290144
3,Koblenz OP,15,1.8099024988650418,1.9677643655476613,3.8720965983191897,-2.06768216416133,1.4086659123630416,1.9101123133146984,2.7080391345942756,3.089741104512143
3,WORMS,14,1.6512708017566078,1.8656865025428455,3.4807861257705555,-5.7547928777329584,1.5734231133139625,1.6124398624378955,2.709586124018658,3.1361600217535965
3,KAUB,15,1.1761832441697,1.813226455329586,3.287790178307095,-4.066799932322578,-0.9062986732532181,0.8670716762237589,1.9213850346985764,5.804627705333232
3,LOBITH,21,1.323889774268959,1.6389433337263826,2.6861352511661485,-2.5680290535068413,-0.7883006867964577,0.9953318353802842,2.6386742744665526,3.8563192770122896
3,BINGEN,14,1.3835426616045754,1.47540907551982,2.1768319401262497,-9.406318543042559,-1.3835426616045754,1.3928274437969037,1.972630557546909,2.6394705826150187
3,DUISBURG-RUHRORT,15,1.2249879070518943,1.4735732203088723,2.1714180356114605,-1.979079622027919,0.8888957920110159,1.180099920920071,2.3739812295167213,2.6430368984926247
3,WESEL,14,0.9917748809220492,1.3812028486486712,1.9077213091152039,-4.41903444328377,0.6520143332281317,0.84080650672405,2.0059120216822697,3.5157400063448847
3,KONSTANZ-RHEIN,15,1.1586276861500664,1.2589459349437893,1.5849448671114914,-6.132251902001712,1.1586276861500664,1.2349620705611528,1.83931847026131,1.887414193946654
3,REES,14,0.9194859261440718,1.0722068314905453,1.1496274894949947,-2.086671067685191,0.7225074436268761,0.8653385737305186,1.6882915523081639,2.031131023259249
3,MANNHEIM,14,0.6480427434367796,0.817485126037601,0.6682819312927125,-1.7288178861119108,0.4126958145553244,0.5255121161606553,1.2062395427067092,1.8943836864324055
3,RHEINWEILER,14,0.7098681808813622,0.7691705546035873,0.59162334206919,0.0,-0.6870378904590017,0.8031831815971913,1.0349486392375156,1.0581874124924866
4,Koblenz UP,14,15.799226764545068,19.61517624083067,384.7551389588481,-1.597905719854424,-12.129440044045412,12.220198854156074,30.855451790036753,31.43732060821837
4,MANNHEIM,15,12.148849941128987,12.613685707649099,159.10506713135115,-307.608966418569,12.148849941128987,13.392519478538219,15.456082089095508,16.149304333780293
4,SANKT GOAR,15,8.494048374824116,8.805284445999998,77.5330341749695,-110.8264915985137,-8.494048374824116,9.06468246525776,9.959751730755562,10.300088563351437
4,Koblenz OP,14,4.969064947426127,5.477705218061502,30.0052544559782,-15.660141284339172,-4.969064947426127,5.524630098400124,7.832667034592081,7.9490163749098315
4,MAINZ,15,4.333637106429319,4.512192661488992,20.359882614395115,-11.86790333774972,-4.333637106429319,4.6392023518986605,5.958919544386554,6.277953033734121
4,KOBLENZ,14,3.749077810668711,4.266083670852704,18.19946988671608,-2.4699378383233004,1.1900503950034431,3.715661289876728,6.062311894981895,6.826254588865311
4,MAXAU,15,3.6021658674943677,4.17077856236568,17.39539381628913,-4.466429621040579,-3.560728619966422,3.2755275627334868,6.048862789695955,7.072911130587045
4,Basel-Rheinhalle,42,3.496397624159721,3.9383104428098443,15.510289143945071,-0.41315789731517505,1.4077957994737744,3.4519489086121666,5.7361149081961,7.198105695337063
4,RHEINE UNTERSCHLEUSE,15,1.7684311180569448,2.4536016653809853,6.020161132360346,-36.626007077252154,0.785106375786493,1.0394330532496667,4.490185551188949,5.571683813296772
4,BREISACH,14,1.7184239808977213,2.4498583438077977,6.0018059047246854,-0.3367658605977708,-1.2134083500830875,1.212933238828441,3.0516024387130862,7.300721145438615
4,IFFEZHEIM,14,1.8710741828561075,2.249416228467392,5.059873368892467,-1.9871541575389262,-1.4712653799268804,2.2080120329204505,3.4700114205880936,3.5662403966477143
4,DUISBURG-RUHRORT,14,2.043178892350387,2.230932243844275,4.977058676624051,-6.562042640452046,2.043178892350387,2.126223751332546,2.983513480962961,3.0830222759434776
4,KAUB,14,1.6639911902922182,1.8685093324842257,3.4913271255806464,-4.031618504513284,-1.6639911902922182,1.5026555365064382,2.7071087708077486,3.226285909496582
4,REES,15,1.6461775146847515,1.730112617714507,2.9932896699749434,-24.903468297860098,1.6461775146847515,1.5227454316700602,2.2748324332853853,2.894457385234986
4,WORMS,15,1.4685507832647309,1.7242685779444897,2.9731021288867128,-4.309110944440559,1.430506384113383,1.717290381880133,2.033853389113753,3.8929452125187822
4,EMMERICH,14,1.3240183755086352,1.5665687067029963,2.4541375128210983,-8.816550051284393,-1.3240183755086352,1.4119125427838704,2.228313724606399,3.0457188522090703
4,BINGEN,14,1.4760984582967558,1.5554106439807076,2.4193022714084793,-9.537405448801376,-1.4760984582967558,1.2287338531815024,2.1454757906436086,2.171264593435353
4,RHEINWEILER,15,1.2481859362898566,1.5036209561721952,2.2608759798401867,-2.101811557707573,1.2481859362898566,1.1627033711710624,2.1627033711710624,2.1627033711710624
4,BONN,14,1.1604575088726798,1.4400901868087252,2.073859746142789,-1.9887978694410782,1.098665620844644,1.161576618474129,2.311764303866079,2.5005957083957355
4,DÜSSELDORF,14,1.2131100520857916,1.4119172364473298,1.9935102825770648,-7.14016698718968,-0.27393740028197805,1.1991684689118642,2.1555790884947443,2.305726535595383
4,WESEL,15,1.153598777951428,1.320806772914958,1.744530531378025,-1.929249026567578,1.0350691609419451,1.2335526190958603,2.0571210008875878,2.323183876038172
4,SPEYER,15,1.0644382104293526,1.1614413464508655,1.3489460012455996,-20.67948930573285,1.0644382104293526,0.9771534405415423,1.3768411414602497,2.4373249622032063
4,KÖLN,15,0.8782043173116392,1.0155296232398356,1.0313004156776426,-2.5157968716283263,-0.8686351935857658,0.8384196658343228,1.6797118699551958,1.7655338870039827
4,LOBITH,21,0.6101039049574248,0.7501821412507144,0.5627732450515067,-0.5133109821202102,0.10404940942346673,0.6140489236610165,1.278409637390837,1.7537429080882703
4,KONSTANZ-RHEIN,14,0.4217390978249479,0.5628129129278608,0.3167583749583439,-1.5868600621598095,0.4217390978249479,0.3044969633521646,0.9451464728146741,1.4335176418131823
4,DUISBURG-MEIDERICH SCHLEUSE UW,210,0.25966962907617885,0.3566250803760125,0.12718144795319736,-6001.463457549497,-0.2576653740726686,0.147962725037166,0.652222395958244,0.6722934637061719
4,DUISBURG-MEIDERICH SCHLEUSE OW,210,0.2575091297322419,0.35280894201311375,0.12447414956441266,-333.2737611311189,-0.25652121321142957,0.15472253018926452,0.6492602466279571,0.6621175243315385
5,SPEYER,2,80.3471540429683,80.34835160408407,6455.85760549352,-25822.43042197408,-80.3471540429683,80.3471540429683,80.6981003650578,80.78583694558017
5,MAXAU,2,79.86590482228658,79.87067469687494,6379.324676534019,-6378.324676534019,-79.86590482228658,79.86590482228658,80.5642106356286,80.7387870889641
5,MANNHEIM,2,72.89996537227078,72.90456494710772,5315.075590127048,-21259.30236050819,-72.89996537227078,72.89996537227078,73.5551057108332,73.71889079547381
5,SANKT GOAR,2,69.29933564504648,69.3159538314477,4804.701455563389,-2134.4228691392836,-69.29933564504648,69.29933564504648,70.51352764793972,70.81707564866304
5,KOBLENZ,2,66.63676363051945,66.65038611716821,4442.273969567608,-1973.3439864744926,-66.63676363051945,66.63676363051945,67.7147476505537,67.98424365556227
5,WORMS,2,65.78380248255144,65.78384342279679,4327.514055475044,0.0,-65.78380248255144,65.78380248255144,65.84251622447093,65.85719465995079
5,DUISBURG-RUHRORT,2,64.16892306370985,64.17521281186562,4118.457939448242,-16472.831757792967,-64.16892306370985,64.16892306370985,64.88770082270997,65.06739526246
5,WESEL,2,63.49029899676431,63.49326985719184,4031.395317158186,-4030.395317158186,-63.49029899676431,63.49029899676431,63.981664740563474,64.10450617651327
5,IFFEZHEIM,2,62.39882294632433,62.47338678316759,3902.9240561592587,-432.65822846213985,-62.39882294632433,62.39882294632433,64.83993103209544,65.4502080535382
5,DÜSSELDORF,2,62.382414321295926,62.38310704416074,3891.652044483217,0.0,-62.382414321295926,62.382414321295926,62.61760334061821,62.67640059544878
5,KÖLN,2,61.633433327239615,61.636146708595206,3799.014581083472,-15195.058324333888,-61.633433327239615,61.633433327239615,62.096105482567765,62.211773521399806
5,KAUB,2,59.36666133027815,59.38555115231947,3526.6436856647524,-1566.397193628779,-59.36666133027815,59.36666133027815,60.56484880430637,60.86439567281343
5,REES,2,58.00387534694561,58.00632788233356,3364.7340743927875,-13457.93629757115,-58.00387534694561,58.00387534694561,58.43059802318968,58.537278692250695
5,BONN,2,56.8298585006647,56.830085694352675,3229.6586400274687,0.0,-56.8298585006647,56.8298585006647,56.958414348505485,56.990553310465685
5,MAINZ,2,53.54006897807204,53.543029735879706,2866.8560332972984,-11466.424133189194,-53.54006897807204,53.54006897807204,53.990524477733025,54.10313835264827
5,BINGEN,2,51.08225464115,51.08244950808626,2609.416647746182,0.0,-51.08225464115,51.08225464115,51.19513269327023,51.22335220630029
5,EMMERICH,2,47.35549829568377,47.36917777156209,2243.8390027538526,0.0,-47.35549829568377,47.35549829568377,48.26615833634669,48.49382334651242
5,KONSTANZ-RHEIN,2,40.31169804677913,40.31180152520875,1625.0413422078223,0.0,-40.31169804677913,40.31169804677913,40.384769160091665,40.4030369384198
5,LOBITH,15,9.330114328426907,22.80336459891173,519.9934370309009,-0.2363265140642128,-9.227625193253834,1.031596132351865,37.61042716356815,63.36230013465115
5,RHEINE UNTERSCHLEUSE,2,14.768090376045365,14.801556640183774,219.08607897256837,0.0,-14.768090376045365,14.768090376045365,15.563913720271824,15.76286955632844
5,Koblenz UP,1,12.613079641273409,12.613079641273409,159.08977803710573,,-12.613079641273409,12.613079641273409,12.613079641273409,12.613079641273409
5,Basel-Rheinhalle,52,10.245841713034222,12.053247684597974,145.2807797462664,-0.899242063594587,7.998600589227607,11.125470437811089,16.469332842697007,30.235708017949037
5,BREISACH,2,9.620135086920314,9.845029474221858,96.92460534829712,-14.50793685572754,-9.620135086920314,9.620135086920314,11.29395347758555,11.712408075251858
5,RHEINWEILER,2,3.5933690620909857,3.6153947732617655,13.071079366528494,-51.284317466113976,-3.5933690620909857,3.5933690620909857,3.912144870594298,3.9918388227201262
5,Koblenz OP,2,2.836307562757611,3.349573091298242,11.219639893949262,-10.219639893949262,-2.836307562757611,2.836307562757611,4.261789780875984,4.618160335405577
5,DUISBURG-MEIDERICH SCHLEUSE UW,352,0.5236969369867203,0.5917858855891036,0.3502105343824797,-134.74065308230473,0.5102509041612857,0.700025864442825,0.724324221321119,0.8736587123798003
5,DUISBURG-MEIDERICH SCHLEUSE OW,352,0.19697183253673325,0.22395626637479366,0.05015640924853753,-264.5440166955971,0.18726160148604515,0.24228566676961982,0.3238457554033616,0.45978384607301237
